{
  "ralocation": {
    "aliases": {},
    "mappings": {
      "properties": {
        "createdAt": {
          "type": "date"
        },
        "geofence": {
          "type": "geo_shape"
        },
        "isActive": {
          "type": "boolean"
        },
        "name": {
          "type": "text",
          "fields": {
            "keyword": {
              "type": "keyword",
              "ignore_above": 256
            }
          }
        },
        "shortcode": {
          "type": "text",
          "fields": {
            "keyword": {
              "type": "keyword",
              "ignore_above": 256
            }
          }
        },
        "updatedAt": {
          "type": "date"
        }
      }
    },
    "settings": {
      "index": {
        "creation_date": "1591771735347",
        "number_of_shards": "1",
        "number_of_replicas": "1",
        "uuid": "pUVQlusYQgeA9a3JEGgkMQ",
        "version": {
          "created": "7070099"
        },
        "provided_name": "ralocation"
      }
    }
  }
}
